_source,barometric_pressure_pa,dataset,dewpoint_c,heat_index_c,relative_humidity_pct,station,temperature_c,text_description,timestamp_utc,visibility_m,wind_direction_deg,wind_speed_kph
noaa_phoenix_obs,101049.84,noaa_obs,-7,23.85471195467722,11.457053583374,KPHX,25,Clear,2026-04-19T07:05:00+00:00,16093.44,260,11.124
noaa_phoenix_obs,101049.84,noaa_obs,-7,24.937459380685556,10.796316707099,KPHX,26,Clear,2026-04-19T07:00:00+00:00,16093.44,270,11.124
noaa_phoenix_obs,101049.84,noaa_obs,-8,24.91651236436722,9.9940905502399,KPHX,26,Clear,2026-04-19T06:55:00+00:00,16093.44,270,9.252
noaa_phoenix_obs,101050,noaa_obs,-7.8,24.486945524620555,10.393658389726,KPHX,25.6,Clear,2026-04-19T06:51:00+00:00,16090,260,12.96
noaa_phoenix_obs,101049.84,noaa_obs,-7,23.85471195467722,11.457053583374,KPHX,25,Clear,2026-04-19T06:50:00+00:00,16093.44,260,12.96
noaa_phoenix_obs,101049.84,noaa_obs,-6,22.798432469806666,13.131456290458,KPHX,24,Clear,2026-04-19T06:45:00+00:00,16093.44,260,9.252
noaa_phoenix_obs,101083.7,noaa_obs,-6,22.798432469806666,13.131456290458,KPHX,24,Clear,2026-04-19T06:40:00+00:00,16093.44,240,11.124
noaa_phoenix_obs,101083.7,noaa_obs,-6,22.798432469806666,13.131456290458,KPHX,24,Clear,2026-04-19T06:35:00+00:00,16093.44,240,9.252
noaa_phoenix_obs,101083.7,noaa_obs,-6,22.798432469806666,13.131456290458,KPHX,24,Clear,2026-04-19T06:30:00+00:00,16093.44,240,9.252
noaa_phoenix_obs,101083.7,noaa_obs,-6,22.798432469806666,13.131456290458,KPHX,24,Clear,2026-04-19T06:25:00+00:00,16093.44,230,9.252
noaa_phoenix_obs,101083.7,noaa_obs,-6,22.798432469806666,13.131456290458,KPHX,24,Clear,2026-04-19T06:20:00+00:00,16093.44,240,9.252
noaa_phoenix_obs,101083.7,noaa_obs,-5,22.825475967322223,14.16716470595,KPHX,24,Clear,2026-04-19T06:15:00+00:00,16093.44,240,9.252
noaa_phoenix_obs,101083.7,noaa_obs,-6,22.798432469806666,13.131456290458,KPHX,24,Clear,2026-04-19T06:10:00+00:00,16093.44,240,9.252
noaa_phoenix_obs,101083.7,noaa_obs,-6,22.798432469806666,13.131456290458,KPHX,24,Clear,2026-04-19T06:05:00+00:00,16093.44,240,11.124
noaa_phoenix_obs,101083.7,noaa_obs,-6,22.798432469806666,13.131456290458,KPHX,24,Clear,2026-04-19T06:00:00+00:00,16093.44,240,11.124
noaa_phoenix_obs,101083.7,noaa_obs,-6,23.87851479043389,12.36865154853,KPHX,25,Clear,2026-04-19T05:55:00+00:00,16093.44,240,9.252
noaa_phoenix_obs,101080,noaa_obs,-6.1,24.524822819374446,11.844278188808,KPHX,25.6,,2026-04-19T05:51:00+00:00,16090,250,9.36
noaa_phoenix_obs,101083.7,noaa_obs,-6,23.87851479043389,12.36865154853,KPHX,25,Clear,2026-04-19T05:50:00+00:00,16093.44,250,9.252
noaa_phoenix_obs,101083.7,noaa_obs,-6,23.87851479043389,12.36865154853,KPHX,25,Clear,2026-04-19T05:45:00+00:00,16093.44,250,11.124
noaa_phoenix_obs,101083.7,noaa_obs,-6,23.87851479043389,12.36865154853,KPHX,25,Clear,2026-04-19T05:40:00+00:00,16093.44,250,9.252
noaa_phoenix_obs,101083.7,noaa_obs,-6,23.87851479043389,12.36865154853,KPHX,25,Clear,2026-04-19T05:35:00+00:00,16093.44,240,9.252
noaa_phoenix_obs,101083.7,noaa_obs,-7,24.937459380685556,10.796316707099,KPHX,26,Clear,2026-04-19T05:30:00+00:00,16093.44,240,7.416
noaa_phoenix_obs,101083.7,noaa_obs,-7,24.937459380685556,10.796316707099,KPHX,26,Clear,2026-04-19T05:25:00+00:00,16093.44,250,9.252
noaa_phoenix_obs,101083.7,noaa_obs,-7,24.937459380685556,10.796316707099,KPHX,26,Clear,2026-04-19T05:20:00+00:00,16093.44,250,9.252
noaa_phoenix_obs,101083.7,noaa_obs,-7,24.937459380685556,10.796316707099,KPHX,26,Clear,2026-04-19T05:15:00+00:00,16093.44,250,9.252
noaa_phoenix_obs,101083.7,noaa_obs,-7,26.021318669383888,10.178161806193,KPHX,27,Clear,2026-04-19T05:10:00+00:00,16093.44,250,7.416
noaa_phoenix_obs,101083.7,noaa_obs,-7,24.937459380685556,10.796316707099,KPHX,26,Clear,2026-04-19T05:05:00+00:00,16093.44,260,7.416
noaa_phoenix_obs,101083.7,noaa_obs,-7,24.937459380685556,10.796316707099,KPHX,26,Clear,2026-04-19T05:00:00+00:00,16093.44,260,7.416
noaa_phoenix_obs,101083.7,noaa_obs,-8,26.00157099735611,9.4218679838469,KPHX,27,Clear,2026-04-19T04:55:00+00:00,16093.44,240,5.544
noaa_phoenix_obs,101080,noaa_obs,-7.2,25.691917962071667,10.201113441048,KPHX,26.7,,2026-04-19T04:51:00+00:00,16090,260,7.56
noaa_phoenix_obs,101083.7,noaa_obs,-7,24.937459380685556,10.796316707099,KPHX,26,,2026-04-19T04:50:00+00:00,16093.44,260,7.416
noaa_phoenix_obs,101083.7,noaa_obs,-7,24.937459380685556,10.796316707099,KPHX,26,Clear,2026-04-19T04:45:00+00:00,16093.44,250,9.252
noaa_phoenix_obs,101083.7,noaa_obs,-8,26.00157099735611,9.4218679838469,KPHX,27,Clear,2026-04-19T04:40:00+00:00,16093.44,240,11.124
noaa_phoenix_obs,101083.7,noaa_obs,-9,26.95058816557278,7.7565814473827,KPHX,29,Clear,2026-04-19T04:35:00+00:00,16093.44,280,7.416
noaa_phoenix_obs,101083.7,noaa_obs,-9,26.95058816557278,7.7565814473827,KPHX,29,Clear,2026-04-19T04:30:00+00:00,16093.44,310,9.252
noaa_phoenix_obs,101083.7,noaa_obs,-9,26.95058816557278,7.7565814473827,KPHX,29,Clear,2026-04-19T04:25:00+00:00,16093.44,330,9.252
noaa_phoenix_obs,101083.7,noaa_obs,-9,26.95058816557278,7.7565814473827,KPHX,29,Clear,2026-04-19T04:20:00+00:00,16093.44,320,9.252
noaa_phoenix_obs,101083.7,noaa_obs,-9,26.95058816557278,7.7565814473827,KPHX,29,Clear,2026-04-19T04:15:00+00:00,16093.44,310,11.124
noaa_phoenix_obs,101083.7,noaa_obs,-9,26.266303356242776,8.2205487578375,KPHX,28,Clear,2026-04-19T04:10:00+00:00,16093.44,290,11.124
noaa_phoenix_obs,101049.84,noaa_obs,-9,26.266303356242776,8.2205487578375,KPHX,28,Clear,2026-04-19T04:05:00+00:00,16093.44,250,9.252
noaa_phoenix_obs,101049.84,noaa_obs,-9,26.266303356242776,8.2205487578375,KPHX,28,Clear,2026-04-19T04:00:00+00:00,16093.44,250,7.416
noaa_phoenix_obs,101049.84,noaa_obs,-9,26.266303356242776,8.2205487578375,KPHX,28,Clear,2026-04-19T03:55:00+00:00,16093.44,260,9.252
noaa_phoenix_obs,101050,noaa_obs,-10,26.840536484810556,7.2123355359969,KPHX,28.9,,2026-04-19T03:51:00+00:00,16090,230,11.16
noaa_phoenix_obs,101049.84,noaa_obs,-11,26.87344067314611,6.6245762787296,KPHX,29,Clear,2026-04-19T03:50:00+00:00,16093.44,230,11.124
noaa_phoenix_obs,101049.84,noaa_obs,-12,28.264914288245556,5.4519099954949,KPHX,31,Clear,2026-04-19T03:45:00+00:00,16093.44,290,9.252
noaa_phoenix_obs,101049.84,noaa_obs,-11,27.579736890700556,6.2533460730443,KPHX,30,Clear,2026-04-19T03:40:00+00:00,16093.44,300,9.252
noaa_phoenix_obs,101049.84,noaa_obs,-11,28.296503953863333,5.905403964343,KPHX,31,Clear,2026-04-19T03:35:00+00:00,16093.44,310,9.252
noaa_phoenix_obs,101049.84,noaa_obs,-11,28.296503953863333,5.905403964343,KPHX,31,Clear,2026-04-19T03:30:00+00:00,16093.44,310,9.252
noaa_phoenix_obs,101015.98,noaa_obs,-11,28.296503953863333,5.905403964343,KPHX,31,Clear,2026-04-19T03:25:00+00:00,16093.44,300,9.252
noaa_phoenix_obs,101015.98,noaa_obs,-11,28.296503953863333,5.905403964343,KPHX,31,Clear,2026-04-19T03:20:00+00:00,16093.44,320,7.416
noaa_phoenix_obs,101015.98,noaa_obs,-11,28.296503953863333,5.905403964343,KPHX,31,Clear,2026-04-19T03:15:00+00:00,16093.44,320,9.252
noaa_phoenix_obs,101015.98,noaa_obs,-11,28.296503953863333,5.905403964343,KPHX,31,Clear,2026-04-19T03:10:00+00:00,16093.44,320,9.252
noaa_phoenix_obs,101015.98,noaa_obs,-11,28.296503953863333,5.905403964343,KPHX,31,Clear,2026-04-19T03:05:00+00:00,16093.44,310,11.124
noaa_phoenix_obs,101015.98,noaa_obs,-11,28.296503953863333,5.905403964343,KPHX,31,Clear,2026-04-19T03:00:00+00:00,16093.44,310,12.96
noaa_phoenix_obs,101015.98,noaa_obs,-12,28.264914288245556,5.4519099954949,KPHX,31,Clear,2026-04-19T02:55:00+00:00,16093.44,300,11.124
noaa_phoenix_obs,101020,noaa_obs,-11.7,27.986466173921112,5.7136520922709,KPHX,30.6,Mostly Clear,2026-04-19T02:51:00+00:00,16090,300,11.16
noaa_phoenix_obs,101015.98,noaa_obs,-12,28.264914288245556,5.4519099954949,KPHX,31,,2026-04-19T02:50:00+00:00,16093.44,300,11.124
noaa_phoenix_obs,101015.98,noaa_obs,-12,28.264914288245556,5.4519099954949,KPHX,31,,2026-04-19T02:45:00+00:00,16093.44,300,9.252
noaa_phoenix_obs,101015.98,noaa_obs,-12,28.264914288245556,5.4519099954949,KPHX,31,Clear,2026-04-19T02:40:00+00:00,16093.44,290,11.124
noaa_phoenix_obs,101015.98,noaa_obs,-12,28.264914288245556,5.4519099954949,KPHX,31,Clear,2026-04-19T02:35:00+00:00,16093.44,300,9.252
noaa_phoenix_obs,101015.98,noaa_obs,-12,28.264914288245556,5.4519099954949,KPHX,31,Clear,2026-04-19T02:30:00+00:00,16093.44,290,7.416
noaa_phoenix_obs,100982.11,noaa_obs,-12,28.264914288245556,5.4519099954949,KPHX,31,Clear,2026-04-19T02:25:00+00:00,16093.44,290,9.252
noaa_phoenix_obs,100982.11,noaa_obs,-12,28.264914288245556,5.4519099954949,KPHX,31,Clear,2026-04-19T02:20:00+00:00,16093.44,0,0
noaa_phoenix_obs,100982.11,noaa_obs,-11,28.296503953863333,5.905403964343,KPHX,31,Clear,2026-04-19T02:15:00+00:00,16093.44,300,7.416
noaa_phoenix_obs,100982.11,noaa_obs,-11,28.296503953863333,5.905403964343,KPHX,31,Clear,2026-04-19T02:10:00+00:00,16093.44,300,7.416
noaa_phoenix_obs,100982.11,noaa_obs,-11,28.296503953863333,5.905403964343,KPHX,31,Clear,2026-04-19T02:05:00+00:00,16093.44,0,0
noaa_phoenix_obs,100982.11,noaa_obs,-11,28.296503953863333,5.905403964343,KPHX,31,Clear,2026-04-19T02:00:00+00:00,16093.44,310,7.416
noaa_phoenix_obs,100982.11,noaa_obs,-11,28.296503953863333,5.905403964343,KPHX,31,Clear,2026-04-19T01:55:00+00:00,16093.44,300,7.416
noaa_phoenix_obs,100980,noaa_obs,-10.6,28.38216769165,6.0613599278141,KPHX,31.1,Partly Cloudy,2026-04-19T01:51:00+00:00,16090,280,9.36
noaa_phoenix_obs,100982.11,noaa_obs,-11,28.296503953863333,5.905403964343,KPHX,31,,2026-04-19T01:50:00+00:00,16093.44,280,9.252
noaa_phoenix_obs,100982.11,noaa_obs,-11,28.296503953863333,5.905403964343,KPHX,31,Clear,2026-04-19T01:45:00+00:00,16093.44,310,9.252
noaa_phoenix_obs,100982.11,noaa_obs,-11,28.296503953863333,5.905403964343,KPHX,31,Clear,2026-04-19T01:40:00+00:00,16093.44,230,7.416
noaa_phoenix_obs,100982.11,noaa_obs,-11,28.296503953863333,5.905403964343,KPHX,31,Clear,2026-04-19T01:35:00+00:00,16093.44,0,0
noaa_phoenix_obs,100982.11,noaa_obs,-11,28.296503953863333,5.905403964343,KPHX,31,Clear,2026-04-19T01:30:00+00:00,16093.44,0,0
noaa_phoenix_obs,100982.11,noaa_obs,-11,29.018561332707776,5.5791437687903,KPHX,32,Clear,2026-04-19T01:25:00+00:00,16093.44,190,9.252
noaa_phoenix_obs,100982.11,noaa_obs,-11,29.018561332707776,5.5791437687903,KPHX,32,Clear,2026-04-19T01:20:00+00:00,16093.44,210,9.252
noaa_phoenix_obs,100982.11,noaa_obs,-11,29.018561332707776,5.5791437687903,KPHX,32,Clear,2026-04-19T01:15:00+00:00,16093.44,200,9.252
noaa_phoenix_obs,100982.11,noaa_obs,-11,29.018561332707776,5.5791437687903,KPHX,32,Clear,2026-04-19T01:10:00+00:00,16093.44,140,5.544
noaa_phoenix_obs,100982.11,noaa_obs,-11,29.018561332707776,5.5791437687903,KPHX,32,Clear,2026-04-19T01:05:00+00:00,16093.44,200,7.416
noaa_phoenix_obs,100982.11,noaa_obs,-11,29.018561332707776,5.5791437687903,KPHX,32,Clear,2026-04-19T00:55:00+00:00,16093.44,0,0
noaa_phoenix_obs,100980,noaa_obs,-11.1,28.36523318330389,5.8252782407575,KPHX,31.1,Mostly Clear,2026-04-19T00:51:00+00:00,16090,250,5.4
noaa_phoenix_obs,100982.11,noaa_obs,-11,29.018561332707776,5.5791437687903,KPHX,32,,2026-04-19T00:50:00+00:00,16093.44,250,5.544
noaa_phoenix_obs,100982.11,noaa_obs,-11,29.018561332707776,5.5791437687903,KPHX,32,,2026-04-19T00:45:00+00:00,16093.44,270,7.416
noaa_phoenix_obs,100982.11,noaa_obs,-11,29.018561332707776,5.5791437687903,KPHX,32,Clear,2026-04-19T00:40:00+00:00,16093.44,250,5.544
noaa_phoenix_obs,100982.11,noaa_obs,-11,29.018561332707776,5.5791437687903,KPHX,32,Clear,2026-04-19T00:35:00+00:00,16093.44,280,7.416
noaa_phoenix_obs,100982.11,noaa_obs,-11,29.018561332707776,5.5791437687903,KPHX,32,Clear,2026-04-19T00:30:00+00:00,16093.44,300,9.252
noaa_phoenix_obs,100982.11,noaa_obs,-11,29.018561332707776,5.5791437687903,KPHX,32,Clear,2026-04-19T00:25:00+00:00,16093.44,300,5.544
noaa_phoenix_obs,100982.11,noaa_obs,-11,29.018561332707776,5.5791437687903,KPHX,32,Clear,2026-04-19T00:20:00+00:00,16093.44,250,7.416
noaa_phoenix_obs,100982.11,noaa_obs,-11,29.018561332707776,5.5791437687903,KPHX,32,Clear,2026-04-19T00:15:00+00:00,16093.44,270,7.416
noaa_phoenix_obs,100982.11,noaa_obs,-11,29.018561332707776,5.5791437687903,KPHX,32,Clear,2026-04-19T00:10:00+00:00,16093.44,250,11.124
noaa_phoenix_obs,100982.11,noaa_obs,-11,29.018561332707776,5.5791437687903,KPHX,32,Clear,2026-04-19T00:05:00+00:00,16093.44,230,11.124
noaa_phoenix_obs,100982.11,noaa_obs,-11,29.018561332707776,5.5791437687903,KPHX,32,Clear,2026-04-19T00:00:00+00:00,16093.44,230,9.252
noaa_phoenix_obs,100982.11,noaa_obs,-11,29.018561332707776,5.5791437687903,KPHX,32,Clear,2026-04-18T23:55:00+00:00,16093.44,260,9.252
noaa_phoenix_obs,100980,noaa_obs,-10.6,29.177357874615556,5.6944191909446,KPHX,32.2,Mostly Clear,2026-04-18T23:51:00+00:00,16090,230,11.16
noaa_phoenix_obs,100982.11,noaa_obs,-11,29.018561332707776,5.5791437687903,KPHX,32,,2026-04-18T23:50:00+00:00,16093.44,230,14.832
noaa_phoenix_obs,100982.11,noaa_obs,-11,29.018561332707776,5.5791437687903,KPHX,32,,2026-04-18T23:45:00+00:00,16093.44,,
noaa_phoenix_obs,100982.11,noaa_obs,-11,29.018561332707776,5.5791437687903,KPHX,32,Clear,2026-04-18T23:40:00+00:00,16093.44,0,0
noaa_phoenix_obs,101015.98,noaa_obs,-11,29.018561332707776,5.5791437687903,KPHX,32,Clear,2026-04-18T23:35:00+00:00,16093.44,30,9.252
noaa_phoenix_obs,101015.98,noaa_obs,-11,29.018561332707776,5.5791437687903,KPHX,32,Clear,2026-04-18T23:30:00+00:00,16093.44,0,0
noaa_phoenix_obs,101015.98,noaa_obs,-11,29.741576592579445,5.2730795608742,KPHX,33,Clear,2026-04-18T23:25:00+00:00,16093.44,120,5.544
noaa_phoenix_obs,101015.98,noaa_obs,-10,29.05473460550389,6.0390785102212,KPHX,32,Clear,2026-04-18T23:20:00+00:00,16093.44,130,5.544
noaa_phoenix_obs,101015.98,noaa_obs,-10,29.779958919965,5.7077829105069,KPHX,33,Clear,2026-04-18T23:15:00+00:00,16093.44,220,7.416
noaa_phoenix_obs,101015.98,noaa_obs,-11,29.018561332707776,5.5791437687903,KPHX,32,Clear,2026-04-18T23:10:00+00:00,16093.44,0,0
noaa_phoenix_obs,101015.98,noaa_obs,-10,29.05473460550389,6.0390785102212,KPHX,32,Clear,2026-04-18T23:05:00+00:00,16093.44,130,11.124
noaa_phoenix_obs,101049.84,noaa_obs,-10,29.779958919965,5.7077829105069,KPHX,33,Clear,2026-04-18T23:00:00+00:00,16093.44,160,12.96
noaa_phoenix_obs,101049.84,noaa_obs,-11,29.741576592579445,5.2730795608742,KPHX,33,Clear,2026-04-18T22:55:00+00:00,16093.44,150,5.544
noaa_phoenix_obs,101050,noaa_obs,-10.6,29.177357874615556,5.6944191909446,KPHX,32.2,Mostly Clear,2026-04-18T22:51:00+00:00,16090,,7.56
noaa_phoenix_obs,101049.84,noaa_obs,-11,29.018561332707776,5.5791437687903,KPHX,32,,2026-04-18T22:50:00+00:00,16093.44,120,7.416
noaa_phoenix_obs,101049.84,noaa_obs,-11,29.018561332707776,5.5791437687903,KPHX,32,,2026-04-18T22:45:00+00:00,16093.44,270,5.544
noaa_phoenix_obs,101083.7,noaa_obs,-11,29.018561332707776,5.5791437687903,KPHX,32,Clear,2026-04-18T22:40:00+00:00,16093.44,260,11.124
noaa_phoenix_obs,101083.7,noaa_obs,-11,29.018561332707776,5.5791437687903,KPHX,32,Clear,2026-04-18T22:35:00+00:00,16093.44,210,11.124
noaa_phoenix_obs,101083.7,noaa_obs,-10,29.05473460550389,6.0390785102212,KPHX,32,Clear,2026-04-18T22:30:00+00:00,16093.44,0,0
noaa_phoenix_obs,101083.7,noaa_obs,-10,29.05473460550389,6.0390785102212,KPHX,32,Clear,2026-04-18T22:25:00+00:00,16093.44,,
noaa_phoenix_obs,101117.57,noaa_obs,-10,29.05473460550389,6.0390785102212,KPHX,32,Clear,2026-04-18T22:20:00+00:00,16093.44,150,11.124
noaa_phoenix_obs,101117.57,noaa_obs,-10,29.05473460550389,6.0390785102212,KPHX,32,Clear,2026-04-18T22:15:00+00:00,16093.44,,
noaa_phoenix_obs,101117.57,noaa_obs,-10,29.05473460550389,6.0390785102212,KPHX,32,Clear,2026-04-18T22:10:00+00:00,16093.44,130,11.124
noaa_phoenix_obs,101117.57,noaa_obs,-10,29.05473460550389,6.0390785102212,KPHX,32,Clear,2026-04-18T22:05:00+00:00,16093.44,,
noaa_phoenix_obs,101117.57,noaa_obs,-11,28.296503953863333,5.905403964343,KPHX,31,Clear,2026-04-18T22:00:00+00:00,16093.44,340,5.544
noaa_phoenix_obs,101117.57,noaa_obs,-10,29.05473460550389,6.0390785102212,KPHX,32,Clear,2026-04-18T21:55:00+00:00,16093.44,330,11.124
noaa_phoenix_obs,101150,noaa_obs,-10,28.837389247688332,6.1426592881893,KPHX,31.7,Mostly Clear,2026-04-18T21:51:00+00:00,16090,,7.56
noaa_phoenix_obs,101151.43,noaa_obs,-10,28.331616184901666,6.3922350190613,KPHX,31,,2026-04-18T21:50:00+00:00,16093.44,,
noaa_phoenix_obs,101151.43,noaa_obs,-10,28.331616184901666,6.3922350190613,KPHX,31,Clear,2026-04-18T21:45:00+00:00,16093.44,330,7.416
noaa_phoenix_obs,101151.43,noaa_obs,-10,28.331616184901666,6.3922350190613,KPHX,31,Clear,2026-04-18T21:40:00+00:00,16093.44,10,9.252
noaa_phoenix_obs,101185.29,noaa_obs,-10,28.331616184901666,6.3922350190613,KPHX,31,Clear,2026-04-18T21:35:00+00:00,16093.44,0,0
noaa_phoenix_obs,101185.29,noaa_obs,-10,29.05473460550389,6.0390785102212,KPHX,32,Clear,2026-04-18T21:30:00+00:00,16093.44,60,12.96
noaa_phoenix_obs,101185.29,noaa_obs,-10,29.05473460550389,6.0390785102212,KPHX,32,Clear,2026-04-18T21:25:00+00:00,16093.44,110,9.252
noaa_phoenix_obs,101185.29,noaa_obs,-10,29.05473460550389,6.0390785102212,KPHX,32,Clear,2026-04-18T21:20:00+00:00,16093.44,80,14.832
noaa_phoenix_obs,101219.16,noaa_obs,-10,28.331616184901666,6.3922350190613,KPHX,31,Clear,2026-04-18T21:15:00+00:00,16093.44,90,9.252
noaa_phoenix_obs,101219.16,noaa_obs,-9,28.370667269784445,6.9145172312678,KPHX,31,Clear,2026-04-18T21:10:00+00:00,16093.44,80,16.668
noaa_phoenix_obs,101219.16,noaa_obs,-9,28.370667269784445,6.9145172312678,KPHX,31,Clear,2026-04-18T21:05:00+00:00,16093.44,10,14.832
noaa_phoenix_obs,101219.16,noaa_obs,-9,28.370667269784445,6.9145172312678,KPHX,31,Clear,2026-04-18T21:00:00+00:00,16093.44,30,5.544
noaa_phoenix_obs,101253.02,noaa_obs,-9,28.370667269784445,6.9145172312678,KPHX,31,Clear,2026-04-18T20:55:00+00:00,16093.44,40,11.124
noaa_phoenix_obs,101250,noaa_obs,-8.9,28.44697621898111,6.9291576536185,KPHX,31.1,,2026-04-18T20:51:00+00:00,16090,60,16.56
noaa_phoenix_obs,101253.02,noaa_obs,-9,28.370667269784445,6.9145172312678,KPHX,31,,2026-04-18T20:50:00+00:00,16093.44,80,14.832
noaa_phoenix_obs,101253.02,noaa_obs,-9,28.370667269784445,6.9145172312678,KPHX,31,,2026-04-18T20:45:00+00:00,16093.44,30,11.124
noaa_phoenix_obs,101253.02,noaa_obs,-9,29.0950106245,6.5325058129724,KPHX,32,Clear,2026-04-18T20:40:00+00:00,16093.44,70,9.252
noaa_phoenix_obs,101286.88,noaa_obs,-8,29.870177913147224,6.6741423333328,KPHX,33,Clear,2026-04-18T20:35:00+00:00,16093.44,130,14.832
noaa_phoenix_obs,101286.88,noaa_obs,-9,28.370667269784445,6.9145172312678,KPHX,31,Clear,2026-04-18T20:30:00+00:00,16093.44,90,14.832
noaa_phoenix_obs,101286.88,noaa_obs,-8,28.414124471507222,7.4744759943123,KPHX,31,Clear,2026-04-18T20:25:00+00:00,16093.44,40,9.252
noaa_phoenix_obs,101286.88,noaa_obs,-8,28.414124471507222,7.4744759943123,KPHX,31,Clear,2026-04-18T20:20:00+00:00,16093.44,30,20.376
noaa_phoenix_obs,101286.88,noaa_obs,-8,27.69749108417278,7.9148666863972,KPHX,30,Clear,2026-04-18T20:15:00+00:00,16093.44,50,11.124
noaa_phoenix_obs,101320.75,noaa_obs,-8,27.69749108417278,7.9148666863972,KPHX,30,Clear,2026-04-18T20:10:00+00:00,16093.44,360,12.96
noaa_phoenix_obs,101320.75,noaa_obs,-8,28.414124471507222,7.4744759943123,KPHX,31,,2026-04-18T20:05:00+00:00,16093.44,50,20.376
noaa_phoenix_obs,101320.75,noaa_obs,-8,28.414124471507222,7.4744759943123,KPHX,31,,2026-04-18T20:00:00+00:00,16093.44,100,12.96
noaa_phoenix_obs,101320.75,noaa_obs,-8,28.414124471507222,7.4744759943123,KPHX,31,,2026-04-18T19:55:00+00:00,16093.44,,
noaa_phoenix_obs,101360,noaa_obs,-7.8,28.495653533024445,7.5480317254583,KPHX,31.1,Mostly Clear,2026-04-18T19:51:00+00:00,16090,,9.36
noaa_phoenix_obs,101354.61,noaa_obs,-8,28.414124471507222,7.4744759943123,KPHX,31,,2026-04-18T19:50:00+00:00,16093.44,130,9.252
noaa_phoenix_obs,101354.61,noaa_obs,-8,29.139880731645,7.0615281224507,KPHX,32,,2026-04-18T19:45:00+00:00,16093.44,120,14.832
noaa_phoenix_obs,101354.61,noaa_obs,-8,28.414124471507222,7.4744759943123,KPHX,31,,2026-04-18T19:40:00+00:00,16093.44,50,12.96
noaa_phoenix_obs,101388.48,noaa_obs,-8,26.995167641610557,8.3847331472714,KPHX,29,,2026-04-18T19:35:00+00:00,16093.44,80,7.416
noaa_phoenix_obs,101388.48,noaa_obs,-8,26.995167641610557,8.3847331472714,KPHX,29,,2026-04-18T19:30:00+00:00,16093.44,60,18.504
noaa_phoenix_obs,101388.48,noaa_obs,-8,27.69749108417278,7.9148666863972,KPHX,30,,2026-04-18T19:25:00+00:00,16093.44,60,16.668
noaa_phoenix_obs,101388.48,noaa_obs,-9,26.95058816557278,7.7565814473827,KPHX,29,,2026-04-18T19:20:00+00:00,16093.44,40,16.668
noaa_phoenix_obs,101422.34,noaa_obs,-9,26.95058816557278,7.7565814473827,KPHX,29,Clear,2026-04-18T19:15:00+00:00,16093.44,50,24.084
noaa_phoenix_obs,101422.34,noaa_obs,-9,26.95058816557278,7.7565814473827,KPHX,29,Clear,2026-04-18T19:10:00+00:00,16093.44,50,11.124
noaa_phoenix_obs,101422.34,noaa_obs,-9,27.654127649706666,7.3219155600909,KPHX,30,Clear,2026-04-18T19:05:00+00:00,16093.44,50,22.212
noaa_phoenix_obs,101422.34,noaa_obs,-9,26.95058816557278,7.7565814473827,KPHX,29,Clear,2026-04-18T19:00:00+00:00,16093.44,10,11.124
noaa_phoenix_obs,101456.2,noaa_obs,-10,26.910147007406668,7.1706946266544,KPHX,29,Clear,2026-04-18T18:55:00+00:00,16093.44,40,18.504
noaa_phoenix_obs,101460,noaa_obs,-10,26.840536484810556,7.2123355359969,KPHX,28.9,,2026-04-18T18:51:00+00:00,16090,40,12.96
noaa_phoenix_obs,101456.2,noaa_obs,-10,26.910147007406668,7.1706946266544,KPHX,29,,2026-04-18T18:50:00+00:00,16093.44,30,12.96
noaa_phoenix_obs,101456.2,noaa_obs,-10,26.910147007406668,7.1706946266544,KPHX,29,,2026-04-18T18:45:00+00:00,16093.44,60,22.212
noaa_phoenix_obs,101456.2,noaa_obs,-10,26.910147007406668,7.1706946266544,KPHX,29,Clear,2026-04-18T18:40:00+00:00,16093.44,60,16.668
noaa_phoenix_obs,101456.2,noaa_obs,-10,26.910147007406668,7.1706946266544,KPHX,29,Clear,2026-04-18T18:35:00+00:00,16093.44,80,14.832
noaa_phoenix_obs,101456.2,noaa_obs,-11,26.87344067314611,6.6245762787296,KPHX,29,Clear,2026-04-18T18:30:00+00:00,16093.44,70,11.124
noaa_phoenix_obs,101490.06,noaa_obs,-11,26.18422622920222,7.0208316213433,KPHX,28,Clear,2026-04-18T18:25:00+00:00,16093.44,50,20.376
noaa_phoenix_obs,101490.06,noaa_obs,-11,26.87344067314611,6.6245762787296,KPHX,29,Clear,2026-04-18T18:20:00+00:00,16093.44,80,20.376
noaa_phoenix_obs,101490.06,noaa_obs,-11,26.18422622920222,7.0208316213433,KPHX,28,Clear,2026-04-18T18:15:00+00:00,16093.44,110,12.96
noaa_phoenix_obs,101490.06,noaa_obs,-11,26.18422622920222,7.0208316213433,KPHX,28,Clear,2026-04-18T18:10:00+00:00,16093.44,60,18.504
noaa_phoenix_obs,101490.06,noaa_obs,-11,26.18422622920222,7.0208316213433,KPHX,28,Clear,2026-04-18T18:05:00+00:00,16093.44,80,16.668
noaa_phoenix_obs,101523.93,noaa_obs,-11,26.18422622920222,7.0208316213433,KPHX,28,Clear,2026-04-18T18:00:00+00:00,16093.44,60,24.084
noaa_phoenix_obs,101523.93,noaa_obs,-11,26.18422622920222,7.0208316213433,KPHX,28,Clear,2026-04-18T17:55:00+00:00,16093.44,90,9.252
noaa_phoenix_obs,101520,noaa_obs,-10.6,26.064703245191666,7.3325287887172,KPHX,27.8,,2026-04-18T17:51:00+00:00,16090,70,18.36
noaa_phoenix_obs,101523.93,noaa_obs,-11,26.18422622920222,7.0208316213433,KPHX,28,,2026-04-18T17:50:00+00:00,16093.44,80,20.376
noaa_phoenix_obs,101523.93,noaa_obs,-11,26.18422622920222,7.0208316213433,KPHX,28,Clear,2026-04-18T17:45:00+00:00,16093.44,90,20.376
noaa_phoenix_obs,101523.93,noaa_obs,-11,25.949926447428332,7.4439916036476,KPHX,27,Clear,2026-04-18T17:40:00+00:00,16093.44,90,24.084
noaa_phoenix_obs,101523.93,noaa_obs,-11,25.949926447428332,7.4439916036476,KPHX,27,Clear,2026-04-18T17:35:00+00:00,16093.44,90,12.96
noaa_phoenix_obs,101523.93,noaa_obs,-11,25.949926447428332,7.4439916036476,KPHX,27,Clear,2026-04-18T17:30:00+00:00,16093.44,70,20.376
noaa_phoenix_obs,101557.8,noaa_obs,-11,25.949926447428332,7.4439916036476,KPHX,27,Clear,2026-04-18T17:25:00+00:00,16093.44,80,16.668
noaa_phoenix_obs,101557.8,noaa_obs,-11,25.949926447428332,7.4439916036476,KPHX,27,Clear,2026-04-18T17:20:00+00:00,16093.44,70,22.212
noaa_phoenix_obs,101557.8,noaa_obs,-11,25.949926447428332,7.4439916036476,KPHX,27,Clear,2026-04-18T17:15:00+00:00,16093.44,70,18.504
noaa_phoenix_obs,101557.8,noaa_obs,-11,25.949926447428332,7.4439916036476,KPHX,27,Clear,2026-04-18T17:10:00+00:00,16093.44,70,18.504
noaa_phoenix_obs,101557.8,noaa_obs,-11,24.861731262648888,7.8960909099582,KPHX,26,Clear,2026-04-18T17:05:00+00:00,16093.44,80,18.504
noaa_phoenix_obs,101557.8,noaa_obs,-11,24.861731262648888,7.8960909099582,KPHX,26,Clear,2026-04-18T17:00:00+00:00,16093.44,80,24.084
noaa_phoenix_obs,101557.8,noaa_obs,-11,24.861731262648888,7.8960909099582,KPHX,26,Clear,2026-04-18T16:55:00+00:00,16093.44,80,22.212
noaa_phoenix_obs,101560,noaa_obs,-11.1,24.968890337877777,7.7872895357534,KPHX,26.1,Clear,2026-04-18T16:51:00+00:00,16090,70,22.32
noaa_phoenix_obs,101557.8,noaa_obs,-11,24.861731262648888,7.8960909099582,KPHX,26,Clear,2026-04-18T16:50:00+00:00,16093.44,,
noaa_phoenix_obs,101557.8,noaa_obs,-12,24.84589840172111,7.2897260233621,KPHX,26,Clear,2026-04-18T16:45:00+00:00,16093.44,,
noaa_phoenix_obs,101557.8,noaa_obs,-12,24.84589840172111,7.2897260233621,KPHX,26,Clear,2026-04-18T16:40:00+00:00,16093.44,,
noaa_phoenix_obs,101557.8,noaa_obs,-12,24.84589840172111,7.2897260233621,KPHX,26,Clear,2026-04-18T16:35:00+00:00,16093.44,70,22.212
noaa_phoenix_obs,101557.8,noaa_obs,-12,23.757547424347223,7.7358588047772,KPHX,25,Clear,2026-04-18T16:30:00+00:00,16093.44,,
noaa_phoenix_obs,101523.93,noaa_obs,-12,23.757547424347223,7.7358588047772,KPHX,25,Clear,2026-04-18T16:25:00+00:00,16093.44,,
noaa_phoenix_obs,101523.93,noaa_obs,-12,23.757547424347223,7.7358588047772,KPHX,25,Clear,2026-04-18T16:20:00+00:00,16093.44,,
noaa_phoenix_obs,101523.93,noaa_obs,-12,23.757547424347223,7.7358588047772,KPHX,25,Clear,2026-04-18T16:15:00+00:00,16093.44,,
noaa_phoenix_obs,101523.93,noaa_obs,-12,22.67000475283889,8.2129479810728,KPHX,24,Clear,2026-04-18T16:10:00+00:00,16093.44,,
noaa_phoenix_obs,101523.93,noaa_obs,-12,22.67000475283889,8.2129479810728,KPHX,24,Clear,2026-04-18T16:05:00+00:00,16093.44,,
noaa_phoenix_obs,101523.93,noaa_obs,-12,23.757547424347223,7.7358588047772,KPHX,25,Clear,2026-04-18T16:00:00+00:00,16093.44,,
noaa_phoenix_obs,101523.93,noaa_obs,-12,22.67000475283889,8.2129479810728,KPHX,24,Clear,2026-04-18T15:55:00+00:00,16093.44,,
noaa_phoenix_obs,101520,noaa_obs,-11.7,23.110015735507776,8.21336859392,KPHX,24.4,,2026-04-18T15:51:00+00:00,16090,,
noaa_phoenix_obs,101523.93,noaa_obs,-12,22.67000475283889,8.2129479810728,KPHX,24,Clear,2026-04-18T15:50:00+00:00,16093.44,,
noaa_phoenix_obs,101523.93,noaa_obs,-11,22.68784279816111,8.8961071636268,KPHX,24,Clear,2026-04-18T15:45:00+00:00,16093.44,,
noaa_phoenix_obs,101523.93,noaa_obs,-9,22.727535957116668,10.416270698078,KPHX,24,Clear,2026-04-18T15:40:00+00:00,16093.44,40,11.124
noaa_phoenix_obs,101523.93,noaa_obs,-8,21.667834300129446,11.959611494315,KPHX,23,Clear,2026-04-18T15:35:00+00:00,16093.44,70,9.252
noaa_phoenix_obs,101523.93,noaa_obs,-8,21.667834300129446,11.959611494315,KPHX,23,Clear,2026-04-18T15:30:00+00:00,16093.44,,
noaa_phoenix_obs,101490.06,noaa_obs,-8,20.58739342815222,12.708684482421,KPHX,22,Clear,2026-04-18T15:25:00+00:00,16093.44,20,7.416
noaa_phoenix_obs,101490.06,noaa_obs,-9,20.562533421268334,11.756599112408,KPHX,22,Clear,2026-04-18T15:20:00+00:00,16093.44,40,7.416
noaa_phoenix_obs,101490.06,noaa_obs,-9,20.562533421268334,11.756599112408,KPHX,22,Clear,2026-04-18T15:15:00+00:00,16093.44,40,9.252
noaa_phoenix_obs,101490.06,noaa_obs,-9,20.562533421268334,11.756599112408,KPHX,22,Clear,2026-04-18T15:10:00+00:00,16093.44,30,9.252
noaa_phoenix_obs,101490.06,noaa_obs,-9,20.562533421268334,11.756599112408,KPHX,22,Clear,2026-04-18T15:05:00+00:00,16093.44,30,7.416
noaa_phoenix_obs,101490.06,noaa_obs,-9,,12.498706794139,KPHX,21,Clear,2026-04-18T15:00:00+00:00,16093.44,40,5.544
noaa_phoenix_obs,101490.06,noaa_obs,-8,,13.510890314986,KPHX,21,Clear,2026-04-18T14:55:00+00:00,16093.44,0,0
noaa_phoenix_obs,101490,noaa_obs,-8.3,,13.528771780987,KPHX,20.6,,2026-04-18T14:51:00+00:00,16090,0,0
noaa_phoenix_obs,101490.06,noaa_obs,-8,,13.510890314986,KPHX,21,Clear,2026-04-18T14:50:00+00:00,16093.44,0,0
noaa_phoenix_obs,101490.06,noaa_obs,-9,,12.498706794139,KPHX,21,Clear,2026-04-18T14:45:00+00:00,16093.44,280,5.544
noaa_phoenix_obs,101490.06,noaa_obs,-9,,13.293843901809,KPHX,20,Clear,2026-04-18T14:40:00+00:00,16093.44,310,5.544
noaa_phoenix_obs,101456.2,noaa_obs,-9,,13.293843901809,KPHX,20,Clear,2026-04-18T14:35:00+00:00,16093.44,0,0
noaa_phoenix_obs,101456.2,noaa_obs,-9,,13.293843901809,KPHX,20,Clear,2026-04-18T14:30:00+00:00,16093.44,0,0
noaa_phoenix_obs,101456.2,noaa_obs,-8,,15.291827704685,KPHX,19,Clear,2026-04-18T14:25:00+00:00,16093.44,0,0
noaa_phoenix_obs,101456.2,noaa_obs,-8,,15.291827704685,KPHX,19,Clear,2026-04-18T14:20:00+00:00,16093.44,0,0
noaa_phoenix_obs,101456.2,noaa_obs,-8,,15.291827704685,KPHX,19,Clear,2026-04-18T14:15:00+00:00,16093.44,0,0
noaa_phoenix_obs,101422.34,noaa_obs,-7,,16.519303492423,KPHX,19,Clear,2026-04-18T14:10:00+00:00,16093.44,0,0
noaa_phoenix_obs,101422.34,noaa_obs,-7,,17.586865930174,KPHX,18,Clear,2026-04-18T14:05:00+00:00,16093.44,0,0
noaa_phoenix_obs,101422.34,noaa_obs,-7,,17.586865930174,KPHX,18,Clear,2026-04-18T14:00:00+00:00,16093.44,0,0
noaa_phoenix_obs,101422.34,noaa_obs,-7,,17.586865930174,KPHX,18,Clear,2026-04-18T13:55:00+00:00,16093.44,0,0
noaa_phoenix_obs,101420,noaa_obs,-7.8,,16.743635429908,KPHX,17.8,Clear,2026-04-18T13:51:00+00:00,16090,0,0
noaa_phoenix_obs,101422.34,noaa_obs,-8,,16.280064337637,KPHX,18,Clear,2026-04-18T13:50:00+00:00,16093.44,0,0
noaa_phoenix_obs,101422.34,noaa_obs,-8,,16.280064337637,KPHX,18,Clear,2026-04-18T13:45:00+00:00,16093.44,0,0
noaa_phoenix_obs,101388.48,noaa_obs,-8,,16.280064337637,KPHX,18,Clear,2026-04-18T13:40:00+00:00,16093.44,260,5.544
noaa_phoenix_obs,101388.48,noaa_obs,-8,,16.280064337637,KPHX,18,Clear,2026-04-18T13:35:00+00:00,16093.44,260,5.544
noaa_phoenix_obs,101388.48,noaa_obs,-8,,17.340515775371,KPHX,17,Clear,2026-04-18T13:30:00+00:00,16093.44,260,5.544
noaa_phoenix_obs,101388.48,noaa_obs,-6,,20.222915043619,KPHX,17,Clear,2026-04-18T13:25:00+00:00,16093.44,0,0
noaa_phoenix_obs,101388.48,noaa_obs,-6,,20.222915043619,KPHX,17,Clear,2026-04-18T13:20:00+00:00,16093.44,220,5.544
noaa_phoenix_obs,101354.61,noaa_obs,-8,,17.340515775371,KPHX,17,Clear,2026-04-18T13:15:00+00:00,16093.44,230,5.544
noaa_phoenix_obs,101354.61,noaa_obs,-8,,17.340515775371,KPHX,17,Clear,2026-04-18T13:10:00+00:00,16093.44,0,0
noaa_phoenix_obs,101354.61,noaa_obs,-6,,20.222915043619,KPHX,17,Clear,2026-04-18T13:05:00+00:00,16093.44,0,0
noaa_phoenix_obs,101354.61,noaa_obs,-5,,21.817943259315,KPHX,17,Clear,2026-04-18T13:00:00+00:00,16093.44,0,0
noaa_phoenix_obs,101354.61,noaa_obs,-6,,20.222915043619,KPHX,17,Clear,2026-04-18T12:55:00+00:00,16093.44,220,5.544
noaa_phoenix_obs,101360,noaa_obs,-5,,22.237027143923,KPHX,16.7,,2026-04-18T12:51:00+00:00,16090,230,5.4
noaa_phoenix_obs,101320.75,noaa_obs,-4,,23.523828510402,KPHX,17,Clear,2026-04-18T12:50:00+00:00,16093.44,230,5.544
noaa_phoenix_obs,101320.75,noaa_obs,-4,,23.523828510402,KPHX,17,Clear,2026-04-18T12:45:00+00:00,16093.44,230,5.544
noaa_phoenix_obs,101320.75,noaa_obs,-6,,20.222915043619,KPHX,17,Clear,2026-04-18T12:40:00+00:00,16093.44,230,7.416
noaa_phoenix_obs,101320.75,noaa_obs,-6,,20.222915043619,KPHX,17,Clear,2026-04-18T12:35:00+00:00,16093.44,220,7.416
noaa_phoenix_obs,101320.75,noaa_obs,-5,,21.817943259315,KPHX,17,Clear,2026-04-18T12:30:00+00:00,16093.44,210,7.416
noaa_phoenix_obs,101320.75,noaa_obs,-6,,20.222915043619,KPHX,17,Clear,2026-04-18T12:25:00+00:00,16093.44,220,5.544
noaa_phoenix_obs,101320.75,noaa_obs,-6,,20.222915043619,KPHX,17,Clear,2026-04-18T12:20:00+00:00,16093.44,220,5.544
noaa_phoenix_obs,101320.75,noaa_obs,-7,,17.586865930174,KPHX,18,Clear,2026-04-18T12:15:00+00:00,16093.44,210,5.544
noaa_phoenix_obs,101320.75,noaa_obs,-7,,17.586865930174,KPHX,18,Clear,2026-04-18T12:10:00+00:00,16093.44,0,0
noaa_phoenix_obs,101320.75,noaa_obs,-7,,17.586865930174,KPHX,18,Clear,2026-04-18T12:05:00+00:00,16093.44,200,5.544
noaa_phoenix_obs,101320.75,noaa_obs,-7,,17.586865930174,KPHX,18,Clear,2026-04-18T12:00:00+00:00,16093.44,0,0
noaa_phoenix_obs,101320.75,noaa_obs,-8,,16.280064337637,KPHX,18,Clear,2026-04-18T11:55:00+00:00,16093.44,0,0
noaa_phoenix_obs,101320,noaa_obs,-8.3,,14.572139794963,KPHX,19.4,,2026-04-18T11:51:00+00:00,16090,0,0
noaa_phoenix_obs,101320.75,noaa_obs,-8,,15.291827704685,KPHX,19,Clear,2026-04-18T11:50:00+00:00,16093.44,0,0
noaa_phoenix_obs,101320.75,noaa_obs,-9,,14.146223259274,KPHX,19,Clear,2026-04-18T11:45:00+00:00,16093.44,0,0
noaa_phoenix_obs,101320.75,noaa_obs,-9,,14.146223259274,KPHX,19,Clear,2026-04-18T11:40:00+00:00,16093.44,300,5.544
noaa_phoenix_obs,101320.75,noaa_obs,-9,,14.146223259274,KPHX,19,Clear,2026-04-18T11:35:00+00:00,16093.44,270,7.416
noaa_phoenix_obs,101320.75,noaa_obs,-9,,14.146223259274,KPHX,19,Clear,2026-04-18T11:30:00+00:00,16093.44,280,7.416
noaa_phoenix_obs,101286.88,noaa_obs,-9,,14.146223259274,KPHX,19,Clear,2026-04-18T11:25:00+00:00,16093.44,310,9.252
noaa_phoenix_obs,101286.88,noaa_obs,-9,,14.146223259274,KPHX,19,Clear,2026-04-18T11:20:00+00:00,16093.44,270,5.544
noaa_phoenix_obs,101286.88,noaa_obs,-9,,14.146223259274,KPHX,19,Clear,2026-04-18T11:15:00+00:00,16093.44,260,5.544
noaa_phoenix_obs,101286.88,noaa_obs,-10,,12.289704643848,KPHX,20,Clear,2026-04-18T11:10:00+00:00,16093.44,280,7.416
noaa_phoenix_obs,101286.88,noaa_obs,-9,,14.146223259274,KPHX,19,Clear,2026-04-18T11:05:00+00:00,16093.44,270,7.416
noaa_phoenix_obs,101286.88,noaa_obs,-9,,14.146223259274,KPHX,19,Clear,2026-04-18T11:00:00+00:00,16093.44,0,0
noaa_phoenix_obs,101286.88,noaa_obs,-8,,16.280064337637,KPHX,18,Clear,2026-04-18T10:55:00+00:00,16093.44,0,0
noaa_phoenix_obs,101290,noaa_obs,-9.4,,13.372457876088,KPHX,19.4,Clear,2026-04-18T10:51:00+00:00,16090,0,0
noaa_phoenix_obs,101286.88,noaa_obs,-9,,14.146223259274,KPHX,19,Clear,2026-04-18T10:50:00+00:00,16093.44,0,0
noaa_phoenix_obs,101253.02,noaa_obs,-10,,12.289704643848,KPHX,20,Clear,2026-04-18T10:45:00+00:00,16093.44,270,7.416
noaa_phoenix_obs,101253.02,noaa_obs,-9,,14.146223259274,KPHX,19,Clear,2026-04-18T10:40:00+00:00,16093.44,270,7.416
noaa_phoenix_obs,101253.02,noaa_obs,-9,,14.146223259274,KPHX,19,Clear,2026-04-18T10:35:00+00:00,16093.44,250,7.416
noaa_phoenix_obs,101253.02,noaa_obs,-8,,15.291827704685,KPHX,19,Clear,2026-04-18T10:30:00+00:00,16093.44,250,5.544
noaa_phoenix_obs,101253.02,noaa_obs,-8,,15.291827704685,KPHX,19,Clear,2026-04-18T10:25:00+00:00,16093.44,0,0
noaa_phoenix_obs,101253.02,noaa_obs,-8,,15.291827704685,KPHX,19,Clear,2026-04-18T10:20:00+00:00,16093.44,250,5.544
noaa_phoenix_obs,101253.02,noaa_obs,-9,,14.146223259274,KPHX,19,Clear,2026-04-18T10:15:00+00:00,16093.44,240,9.252
noaa_phoenix_obs,101253.02,noaa_obs,-8,,15.291827704685,KPHX,19,Clear,2026-04-18T10:10:00+00:00,16093.44,250,9.252
noaa_phoenix_obs,101253.02,noaa_obs,-6,,18.986191775928,KPHX,18,Clear,2026-04-18T10:05:00+00:00,16093.44,240,7.416
noaa_phoenix_obs,101253.02,noaa_obs,-7,,16.519303492423,KPHX,19,Clear,2026-04-18T10:00:00+00:00,16093.44,230,5.544
noaa_phoenix_obs,101253.02,noaa_obs,-8,,15.291827704685,KPHX,19,Clear,2026-04-18T09:55:00+00:00,16093.44,230,7.416
noaa_phoenix_obs,101250,noaa_obs,-7.8,,15.627841507265,KPHX,18.9,,2026-04-18T09:51:00+00:00,16090,240,7.56
noaa_phoenix_obs,101253.02,noaa_obs,-8,,15.291827704685,KPHX,19,Clear,2026-04-18T09:50:00+00:00,16093.44,240,7.416
noaa_phoenix_obs,101253.02,noaa_obs,-7,,16.519303492423,KPHX,19,Clear,2026-04-18T09:45:00+00:00,16093.44,230,5.544
noaa_phoenix_obs,101253.02,noaa_obs,-9,,13.293843901809,KPHX,20,Clear,2026-04-18T09:40:00+00:00,16093.44,230,5.544
noaa_phoenix_obs,101253.02,noaa_obs,-9,,12.498706794139,KPHX,21,Clear,2026-04-18T09:35:00+00:00,16093.44,0,0
noaa_phoenix_obs,101253.02,noaa_obs,-9,,13.293843901809,KPHX,20,Clear,2026-04-18T09:30:00+00:00,16093.44,0,0
noaa_phoenix_obs,101253.02,noaa_obs,-9,,12.498706794139,KPHX,21,Clear,2026-04-18T09:25:00+00:00,16093.44,0,0
noaa_phoenix_obs,101253.02,noaa_obs,-9,,12.498706794139,KPHX,21,Clear,2026-04-18T09:20:00+00:00,16093.44,0,0
noaa_phoenix_obs,101253.02,noaa_obs,-9,,12.498706794139,KPHX,21,Clear,2026-04-18T09:15:00+00:00,16093.44,0,0
noaa_phoenix_obs,101253.02,noaa_obs,-9,,12.498706794139,KPHX,21,Clear,2026-04-18T09:10:00+00:00,16093.44,0,0
noaa_phoenix_obs,101253.02,noaa_obs,-9,,12.498706794139,KPHX,21,Clear,2026-04-18T09:05:00+00:00,16093.44,0,0
noaa_phoenix_obs,101219.16,noaa_obs,-10,,11.554627545245,KPHX,21,Clear,2026-04-18T09:00:00+00:00,16093.44,260,7.416
noaa_phoenix_obs,101219.16,noaa_obs,-11,,10.674629939094,KPHX,21,Clear,2026-04-18T08:55:00+00:00,16093.44,260,9.252
noaa_phoenix_obs,101220,noaa_obs,-11.1,,10.525162386555,KPHX,21.1,Clear,2026-04-18T08:51:00+00:00,16090,260,12.96
noaa_phoenix_obs,101219.16,noaa_obs,-12,,9.8548925720492,KPHX,21,Clear,2026-04-18T08:50:00+00:00,16093.44,260,12.96
noaa_phoenix_obs,101219.16,noaa_obs,-12,20.497599307635,9.2697607179457,KPHX,22,Clear,2026-04-18T08:45:00+00:00,16093.44,270,14.832
noaa_phoenix_obs,101219.16,noaa_obs,-12,20.497599307635,9.2697607179457,KPHX,22,Clear,2026-04-18T08:40:00+00:00,16093.44,270,14.832
noaa_phoenix_obs,101219.16,noaa_obs,-12,20.497599307635,9.2697607179457,KPHX,22,Clear,2026-04-18T08:35:00+00:00,16093.44,270,14.832
noaa_phoenix_obs,101219.16,noaa_obs,-12,20.497599307635,9.2697607179457,KPHX,22,Clear,2026-04-18T08:30:00+00:00,16093.44,270,12.96
noaa_phoenix_obs,101219.16,noaa_obs,-13,20.47885685384389,8.5519646153005,KPHX,22,Clear,2026-04-18T08:25:00+00:00,16093.44,290,14.832
noaa_phoenix_obs,101219.16,noaa_obs,-12,20.497599307635,9.2697607179457,KPHX,22,Clear,2026-04-18T08:20:00+00:00,16093.44,280,16.668
noaa_phoenix_obs,101219.16,noaa_obs,-12,20.497599307635,9.2697607179457,KPHX,22,Clear,2026-04-18T08:15:00+00:00,16093.44,290,14.832
noaa_phoenix_obs,101219.16,noaa_obs,-12,20.497599307635,9.2697607179457,KPHX,22,Clear,2026-04-18T08:10:00+00:00,16093.44,280,14.832
noaa_phoenix_obs,101253.02,noaa_obs,-8,,13.510890314986,KPHX,21,Clear,2026-04-18T08:05:00+00:00,16093.44,280,11.124
noaa_phoenix_obs,101219.16,noaa_obs,-8,,13.510890314986,KPHX,21,Clear,2026-04-18T08:00:00+00:00,16093.44,250,9.252
noaa_phoenix_obs,101219.16,noaa_obs,-8,,13.510890314986,KPHX,21,Clear,2026-04-18T07:55:00+00:00,16093.44,260,9.252
noaa_phoenix_obs,101250,noaa_obs,-8.3,,13.528771780987,KPHX,20.6,Clear,2026-04-18T07:51:00+00:00,16090,260,7.56
noaa_phoenix_obs,101253.02,noaa_obs,-9,,12.498706794139,KPHX,21,Clear,2026-04-18T07:50:00+00:00,16093.44,260,7.416
noaa_phoenix_obs,101253.02,noaa_obs,-9,,12.498706794139,KPHX,21,Clear,2026-04-18T07:45:00+00:00,16093.44,260,7.416
noaa_phoenix_obs,101253.02,noaa_obs,-8,,13.510890314986,KPHX,21,Clear,2026-04-18T07:40:00+00:00,16093.44,260,9.252
noaa_phoenix_obs,101253.02,noaa_obs,-8,,13.510890314986,KPHX,21,Clear,2026-04-18T07:35:00+00:00,16093.44,260,9.252
noaa_phoenix_obs,101253.02,noaa_obs,-8,,13.510890314986,KPHX,21,Clear,2026-04-18T07:30:00+00:00,16093.44,260,7.416
noaa_phoenix_obs,101253.02,noaa_obs,-9,20.562533421268334,11.756599112408,KPHX,22,Clear,2026-04-18T07:25:00+00:00,16093.44,260,9.252
noaa_phoenix_obs,101219.16,noaa_obs,-9,20.562533421268334,11.756599112408,KPHX,22,Clear,2026-04-18T07:20:00+00:00,16093.44,260,11.124
noaa_phoenix_obs,101219.16,noaa_obs,-9,20.562533421268334,11.756599112408,KPHX,22,Clear,2026-04-18T07:15:00+00:00,16093.44,260,12.96
noaa_phoenix_obs,101219.16,noaa_obs,-9,20.562533421268334,11.756599112408,KPHX,22,Clear,2026-04-18T07:10:00+00:00,16093.44,260,12.96
noaa_phoenix_obs,101219.16,noaa_obs,-8,20.58739342815222,12.708684482421,KPHX,22,Clear,2026-04-18T07:05:00+00:00,16093.44,250,11.124
noaa_phoenix_obs,101219.16,noaa_obs,-8,,13.510890314986,KPHX,21,Clear,2026-04-18T07:00:00+00:00,16093.44,250,11.124
noaa_phoenix_obs,101219.16,noaa_obs,-8,20.58739342815222,12.708684482421,KPHX,22,Clear,2026-04-18T06:55:00+00:00,16093.44,240,12.96
noaa_phoenix_obs,101220,noaa_obs,-7.8,20.26880445175889,13.145702407793,KPHX,21.7,Clear,2026-04-18T06:51:00+00:00,16090,240,11.16
noaa_phoenix_obs,101219.16,noaa_obs,-8,20.58739342815222,12.708684482421,KPHX,22,Clear,2026-04-18T06:50:00+00:00,16093.44,240,11.124
noaa_phoenix_obs,101219.16,noaa_obs,-8,20.58739342815222,12.708684482421,KPHX,22,Clear,2026-04-18T06:45:00+00:00,16093.44,250,11.124
noaa_phoenix_obs,101219.16,noaa_obs,-9,20.562533421268334,11.756599112408,KPHX,22,Clear,2026-04-18T06:40:00+00:00,16093.44,250,11.124
noaa_phoenix_obs,101219.16,noaa_obs,-9,20.562533421268334,11.756599112408,KPHX,22,Clear,2026-04-18T06:35:00+00:00,16093.44,260,12.96
noaa_phoenix_obs,101219.16,noaa_obs,-8,20.58739342815222,12.708684482421,KPHX,22,Clear,2026-04-18T06:30:00+00:00,16093.44,250,12.96
noaa_phoenix_obs,101219.16,noaa_obs,-8,20.58739342815222,12.708684482421,KPHX,22,Clear,2026-04-18T06:25:00+00:00,16093.44,250,14.832
noaa_phoenix_obs,101219.16,noaa_obs,-8,20.58739342815222,12.708684482421,KPHX,22,Clear,2026-04-18T06:20:00+00:00,16093.44,240,16.668
noaa_phoenix_obs,101219.16,noaa_obs,-8,20.58739342815222,12.708684482421,KPHX,22,Clear,2026-04-18T06:15:00+00:00,16093.44,250,12.96
noaa_phoenix_obs,101219.16,noaa_obs,-8,20.58739342815222,12.708684482421,KPHX,22,Clear,2026-04-18T06:10:00+00:00,16093.44,250,12.96
noaa_phoenix_obs,101219.16,noaa_obs,-7,21.692900930841667,12.919610117339,KPHX,23,Clear,2026-04-18T06:05:00+00:00,16093.44,240,12.96
noaa_phoenix_obs,101219.16,noaa_obs,-7,21.692900930841667,12.919610117339,KPHX,23,Clear,2026-04-18T06:00:00+00:00,16093.44,250,12.96
noaa_phoenix_obs,101219.16,noaa_obs,-8,21.667834300129446,11.959611494315,KPHX,23,Clear,2026-04-18T05:55:00+00:00,16093.44,250,12.96
noaa_phoenix_obs,101220,noaa_obs,-7.2,21.471797484571113,12.877350472934,KPHX,22.8,,2026-04-18T05:51:00+00:00,16090,250,12.96
noaa_phoenix_obs,101219.16,noaa_obs,-7,21.692900930841667,12.919610117339,KPHX,23,Clear,2026-04-18T05:50:00+00:00,16093.44,250,12.96
noaa_phoenix_obs,101219.16,noaa_obs,-9,21.644439587286666,11.063643768424,KPHX,23,Clear,2026-04-18T05:45:00+00:00,16093.44,240,12.96
noaa_phoenix_obs,101219.16,noaa_obs,-11,22.68784279816111,8.8961071636268,KPHX,24,Clear,2026-04-18T05:40:00+00:00,16093.44,280,22.212
noaa_phoenix_obs,101219.16,noaa_obs,-10,22.70699214746889,9.6294864988095,KPHX,24,Clear,2026-04-18T05:35:00+00:00,16093.44,280,20.376
noaa_phoenix_obs,101219.16,noaa_obs,-10,22.70699214746889,9.6294864988095,KPHX,24,Clear,2026-04-18T05:30:00+00:00,16093.44,270,18.504
noaa_phoenix_obs,101219.16,noaa_obs,-9,22.727535957116668,10.416270698078,KPHX,24,Clear,2026-04-18T05:25:00+00:00,16093.44,280,22.212
noaa_phoenix_obs,101185.29,noaa_obs,-7,21.692900930841667,12.919610117339,KPHX,23,Clear,2026-04-18T05:20:00+00:00,16093.44,260,12.96
noaa_phoenix_obs,101185.29,noaa_obs,-7,21.692900930841667,12.919610117339,KPHX,23,Clear,2026-04-18T05:15:00+00:00,16093.44,240,14.832
noaa_phoenix_obs,101185.29,noaa_obs,-8,22.749561762265,11.259812171843,KPHX,24,Clear,2026-04-18T05:10:00+00:00,16093.44,250,16.668
noaa_phoenix_obs,101185.29,noaa_obs,-7,22.773161655433334,12.163637867654,KPHX,24,Clear,2026-04-18T05:05:00+00:00,16093.44,250,14.832
noaa_phoenix_obs,101185.29,noaa_obs,-7,22.773161655433334,12.163637867654,KPHX,24,Clear,2026-04-18T05:00:00+00:00,16093.44,240,12.96
noaa_phoenix_obs,101185.29,noaa_obs,-7,22.773161655433334,12.163637867654,KPHX,24,Clear,2026-04-18T04:55:00+00:00,16093.44,250,16.668
noaa_phoenix_obs,101190,noaa_obs,-7.2,23.20089687496,11.693922870805,KPHX,24.4,Clear,2026-04-18T04:51:00+00:00,16090,260,12.96
noaa_phoenix_obs,101185.29,noaa_obs,-7,22.773161655433334,12.163637867654,KPHX,24,Clear,2026-04-18T04:50:00+00:00,16093.44,260,16.668
noaa_phoenix_obs,101185.29,noaa_obs,-7,22.773161655433334,12.163637867654,KPHX,24,Clear,2026-04-18T04:45:00+00:00,16093.44,250,12.96
noaa_phoenix_obs,101151.43,noaa_obs,-7,22.773161655433334,12.163637867654,KPHX,24,Clear,2026-04-18T04:40:00+00:00,16093.44,260,18.504
noaa_phoenix_obs,101151.43,noaa_obs,-7,22.773161655433334,12.163637867654,KPHX,24,Clear,2026-04-18T04:35:00+00:00,16093.44,260,16.668
noaa_phoenix_obs,101151.43,noaa_obs,-6,22.798432469806666,13.131456290458,KPHX,24,Clear,2026-04-18T04:30:00+00:00,16093.44,250,14.832
noaa_phoenix_obs,101151.43,noaa_obs,-6,22.798432469806666,13.131456290458,KPHX,24,Clear,2026-04-18T04:25:00+00:00,16093.44,240,16.668
noaa_phoenix_obs,101151.43,noaa_obs,-5,22.825475967322223,14.16716470595,KPHX,24,Clear,2026-04-18T04:20:00+00:00,16093.44,240,14.832
noaa_phoenix_obs,101117.57,noaa_obs,-5,23.90398733437889,13.344195784732,KPHX,25,Clear,2026-04-18T04:15:00+00:00,16093.44,240,18.504
noaa_phoenix_obs,101117.57,noaa_obs,-4,23.931230261241666,14.387541919894,KPHX,25,Clear,2026-04-18T04:10:00+00:00,16093.44,230,16.668
noaa_phoenix_obs,101117.57,noaa_obs,-4,25.009564819099445,13.557801582533,KPHX,26,Clear,2026-04-18T04:05:00+00:00,16093.44,230,14.832
noaa_phoenix_obs,101117.57,noaa_obs,-4,25.009564819099445,13.557801582533,KPHX,26,Clear,2026-04-18T04:00:00+00:00,16093.44,230,12.96
noaa_phoenix_obs,101083.7,noaa_obs,-4,25.009564819099445,13.557801582533,KPHX,26,Clear,2026-04-18T03:55:00+00:00,16093.44,250,14.832
noaa_phoenix_obs,101080,noaa_obs,-3.3,24.597529873445,14.628803663847,KPHX,25.6,,2026-04-18T03:51:00+00:00,16090,250,16.56
noaa_phoenix_obs,101083.7,noaa_obs,-3,25.03700449969,14.608682966854,KPHX,26,Clear,2026-04-18T03:50:00+00:00,16093.44,250,14.832
noaa_phoenix_obs,101083.7,noaa_obs,-2,25.06631654540111,15.731271951521,KPHX,26,Clear,2026-04-18T03:45:00+00:00,16093.44,240,11.124
noaa_phoenix_obs,101083.7,noaa_obs,-2,25.06631654540111,15.731271951521,KPHX,26,Clear,2026-04-18T03:40:00+00:00,16093.44,240,11.124
noaa_phoenix_obs,101049.84,noaa_obs,-3,26.115164223912778,13.772246873256,KPHX,27,Clear,2026-04-18T03:35:00+00:00,16093.44,240,7.416
noaa_phoenix_obs,101049.84,noaa_obs,-3,26.115164223912778,13.772246873256,KPHX,27,Clear,2026-04-18T03:30:00+00:00,16093.44,230,7.416
noaa_phoenix_obs,101049.84,noaa_obs,-3,26.115164223912778,13.772246873256,KPHX,27,Clear,2026-04-18T03:25:00+00:00,16093.44,240,5.544
noaa_phoenix_obs,101049.84,noaa_obs,-3,26.115164223912778,13.772246873256,KPHX,27,Clear,2026-04-18T03:20:00+00:00,16093.44,240,7.416
noaa_phoenix_obs,101049.84,noaa_obs,-3,26.115164223912778,13.772246873256,KPHX,27,Clear,2026-04-18T03:15:00+00:00,16093.44,250,7.416
noaa_phoenix_obs,101015.98,noaa_obs,-3,26.115164223912778,13.772246873256,KPHX,27,Clear,2026-04-18T03:10:00+00:00,16093.44,240,7.416
noaa_phoenix_obs,101015.98,noaa_obs,-3,26.115164223912778,13.772246873256,KPHX,27,Clear,2026-04-18T03:05:00+00:00,16093.44,230,7.416
noaa_phoenix_obs,101015.98,noaa_obs,-3,26.115164223912778,13.772246873256,KPHX,27,Clear,2026-04-18T03:00:00+00:00,16093.44,240,7.416
noaa_phoenix_obs,101015.98,noaa_obs,-3,26.115164223912778,13.772246873256,KPHX,27,Clear,2026-04-18T02:55:00+00:00,16093.44,240,9.252
noaa_phoenix_obs,101020,noaa_obs,-2.8,26.33628667407333,13.81523432622,KPHX,27.2,Clear,2026-04-18T02:51:00+00:00,16090,250,7.56
noaa_phoenix_obs,101015.98,noaa_obs,-3,26.115164223912778,13.772246873256,KPHX,27,Clear,2026-04-18T02:50:00+00:00,16093.44,250,7.416
noaa_phoenix_obs,101015.98,noaa_obs,-3,26.115164223912778,13.772246873256,KPHX,27,Clear,2026-04-18T02:45:00+00:00,16093.44,250,9.252
noaa_phoenix_obs,101015.98,noaa_obs,-3,26.115164223912778,13.772246873256,KPHX,27,Clear,2026-04-18T02:40:00+00:00,16093.44,250,9.252
noaa_phoenix_obs,100982.11,noaa_obs,-3,26.62328797970389,12.989351881767,KPHX,28,Clear,2026-04-18T02:35:00+00:00,16093.44,260,11.124
noaa_phoenix_obs,100982.11,noaa_obs,-3,26.62328797970389,12.989351881767,KPHX,28,Clear,2026-04-18T02:30:00+00:00,16093.44,250,9.252
noaa_phoenix_obs,100982.11,noaa_obs,-2,26.634447085308334,13.987505060497,KPHX,28,Clear,2026-04-18T02:25:00+00:00,16093.44,250,11.124
noaa_phoenix_obs,100982.11,noaa_obs,-2,26.634447085308334,13.987505060497,KPHX,28,Clear,2026-04-18T02:20:00+00:00,16093.44,250,11.124
noaa_phoenix_obs,100982.11,noaa_obs,-3,26.62328797970389,12.989351881767,KPHX,28,Clear,2026-04-18T02:15:00+00:00,16093.44,260,12.96
noaa_phoenix_obs,100982.11,noaa_obs,-3,26.62328797970389,12.989351881767,KPHX,28,Clear,2026-04-18T02:10:00+00:00,16093.44,270,14.832
noaa_phoenix_obs,100982.11,noaa_obs,-2,26.634447085308334,13.987505060497,KPHX,28,Clear,2026-04-18T02:05:00+00:00,16093.44,260,14.832
noaa_phoenix_obs,100982.11,noaa_obs,-2,26.634447085308334,13.987505060497,KPHX,28,Clear,2026-04-18T02:00:00+00:00,16093.44,240,12.96
noaa_phoenix_obs,100982.11,noaa_obs,-2,26.634447085308334,13.987505060497,KPHX,28,Clear,2026-04-18T01:55:00+00:00,16093.44,260,9.252
noaa_phoenix_obs,100980,noaa_obs,-2.2,26.846169245766667,13.543858245029,KPHX,28.3,,2026-04-18T01:51:00+00:00,16090,250,11.16
noaa_phoenix_obs,100982.11,noaa_obs,-2,26.634447085308334,13.987505060497,KPHX,28,Clear,2026-04-18T01:50:00+00:00,16093.44,250,12.96
noaa_phoenix_obs,100982.11,noaa_obs,-2,26.634447085308334,13.987505060497,KPHX,28,Clear,2026-04-18T01:45:00+00:00,16093.44,300,12.96
noaa_phoenix_obs,100982.11,noaa_obs,-2,26.634447085308334,13.987505060497,KPHX,28,Clear,2026-04-18T01:40:00+00:00,16093.44,260,11.124
noaa_phoenix_obs,100982.11,noaa_obs,-2,26.634447085308334,13.987505060497,KPHX,28,Clear,2026-04-18T01:35:00+00:00,16093.44,290,12.96
noaa_phoenix_obs,100948.24,noaa_obs,-2,26.634447085308334,13.987505060497,KPHX,28,Clear,2026-04-18T01:30:00+00:00,16093.44,280,18.504
noaa_phoenix_obs,100948.24,noaa_obs,-2,26.634447085308334,13.987505060497,KPHX,28,Clear,2026-04-18T01:25:00+00:00,16093.44,250,12.96
noaa_phoenix_obs,100948.24,noaa_obs,-2,26.634447085308334,13.987505060497,KPHX,28,Clear,2026-04-18T01:20:00+00:00,16093.44,260,14.832
noaa_phoenix_obs,100982.11,noaa_obs,-2,27.36208753314111,13.198051060033,KPHX,29,Clear,2026-04-18T01:15:00+00:00,16093.44,240,16.668
noaa_phoenix_obs,100982.11,noaa_obs,-2,26.634447085308334,13.987505060497,KPHX,28,Clear,2026-04-18T01:10:00+00:00,16093.44,240,11.124
noaa_phoenix_obs,100982.11,noaa_obs,-2,27.36208753314111,13.198051060033,KPHX,29,Clear,2026-04-18T01:05:00+00:00,16093.44,250,14.832
noaa_phoenix_obs,100948.24,noaa_obs,-2,27.36208753314111,13.198051060033,KPHX,29,Clear,2026-04-18T01:00:00+00:00,16093.44,260,18.504
noaa_phoenix_obs,100948.24,noaa_obs,-2,27.36208753314111,13.198051060033,KPHX,29,Clear,2026-04-18T00:55:00+00:00,16093.44,,
noaa_phoenix_obs,100980,noaa_obs,-1.7,27.28870890513111,13.571203836029,KPHX,28.9,,2026-04-18T00:51:00+00:00,16090,250,12.96
noaa_phoenix_obs,100982.11,noaa_obs,-2,27.36208753314111,13.198051060033,KPHX,29,Clear,2026-04-18T00:50:00+00:00,16093.44,260,12.96
noaa_phoenix_obs,100982.11,noaa_obs,-2,27.36208753314111,13.198051060033,KPHX,29,Clear,2026-04-18T00:45:00+00:00,16093.44,270,12.96
noaa_phoenix_obs,100982.11,noaa_obs,-2,27.36208753314111,13.198051060033,KPHX,29,Clear,2026-04-18T00:40:00+00:00,16093.44,290,14.832
noaa_phoenix_obs,100982.11,noaa_obs,-2,27.36208753314111,13.198051060033,KPHX,29,Clear,2026-04-18T00:35:00+00:00,16093.44,,
noaa_phoenix_obs,100982.11,noaa_obs,-2,27.36208753314111,13.198051060033,KPHX,29,Clear,2026-04-18T00:30:00+00:00,16093.44,250,11.124
noaa_phoenix_obs,100982.11,noaa_obs,-1,27.367237033883335,14.20354976884,KPHX,29,Clear,2026-04-18T00:25:00+00:00,16093.44,250,11.124
noaa_phoenix_obs,100982.11,noaa_obs,-1,27.367237033883335,14.20354976884,KPHX,29,Clear,2026-04-18T00:20:00+00:00,16093.44,240,9.252
noaa_phoenix_obs,100982.11,noaa_obs,-2,27.36208753314111,13.198051060033,KPHX,29,Clear,2026-04-18T00:15:00+00:00,16093.44,,
noaa_phoenix_obs,100982.11,noaa_obs,-2,27.36208753314111,13.198051060033,KPHX,29,Clear,2026-04-18T00:10:00+00:00,16093.44,290,9.252
noaa_phoenix_obs,100982.11,noaa_obs,-2,27.36208753314111,13.198051060033,KPHX,29,Clear,2026-04-18T00:05:00+00:00,16093.44,,
noaa_phoenix_obs,100982.11,noaa_obs,-2,27.36208753314111,13.198051060033,KPHX,29,Clear,2026-04-18T00:00:00+00:00,16093.44,300,16.668
noaa_phoenix_obs,100982.11,noaa_obs,-1,27.367237033883335,14.20354976884,KPHX,29,Clear,2026-04-17T23:55:00+00:00,16093.44,260,12.96
noaa_phoenix_obs,100980,noaa_obs,-1.1,27.667484583109445,13.777795362071,KPHX,29.4,Clear,2026-04-17T23:51:00+00:00,16090,260,20.52
noaa_phoenix_obs,100982.11,noaa_obs,-1,28.131052244195,13.40760652956,KPHX,30,Clear,2026-04-17T23:50:00+00:00,16093.44,260,20.376
noaa_phoenix_obs,100982.11,noaa_obs,-1,27.367237033883335,14.20354976884,KPHX,29,Clear,2026-04-17T23:45:00+00:00,16093.44,,
noaa_phoenix_obs,100982.11,noaa_obs,-1,27.367237033883335,14.20354976884,KPHX,29,Clear,2026-04-17T23:40:00+00:00,16093.44,270,18.504
noaa_phoenix_obs,100982.11,noaa_obs,-1,27.367237033883335,14.20354976884,KPHX,29,Clear,2026-04-17T23:35:00+00:00,16093.44,210,11.124
noaa_phoenix_obs,100982.11,noaa_obs,-1,27.367237033883335,14.20354976884,KPHX,29,Clear,2026-04-17T23:30:00+00:00,16093.44,,
noaa_phoenix_obs,101015.98,noaa_obs,-1,27.367237033883335,14.20354976884,KPHX,29,Clear,2026-04-17T23:25:00+00:00,16093.44,320,7.416
noaa_phoenix_obs,101015.98,noaa_obs,-1,27.367237033883335,14.20354976884,KPHX,29,Clear,2026-04-17T23:20:00+00:00,16093.44,270,20.376
noaa_phoenix_obs,101015.98,noaa_obs,-1,28.131052244195,13.40760652956,KPHX,30,Clear,2026-04-17T23:15:00+00:00,16093.44,290,22.212
noaa_phoenix_obs,101015.98,noaa_obs,-1,28.131052244195,13.40760652956,KPHX,30,Clear,2026-04-17T23:10:00+00:00,16093.44,230,18.504
noaa_phoenix_obs,101015.98,noaa_obs,-1,27.367237033883335,14.20354976884,KPHX,29,Clear,2026-04-17T23:05:00+00:00,16093.44,260,16.668
noaa_phoenix_obs,101015.98,noaa_obs,-1,27.367237033883335,14.20354976884,KPHX,29,,2026-04-17T23:00:00+00:00,16093.44,250,20.376
noaa_phoenix_obs,101015.98,noaa_obs,-1,28.131052244195,13.40760652956,KPHX,30,,2026-04-17T22:55:00+00:00,16093.44,280,16.668
noaa_phoenix_obs,101020,noaa_obs,-0.6,28.607765390867776,13.338067814044,KPHX,30.6,Mostly Clear,2026-04-17T22:51:00+00:00,16090,250,16.56
noaa_phoenix_obs,101015.98,noaa_obs,-1,28.894853374151666,12.66159458107,KPHX,31,Mostly Clear,2026-04-17T22:50:00+00:00,16093.44,240,18.504
noaa_phoenix_obs,101049.84,noaa_obs,-1,27.367237033883335,14.20354976884,KPHX,29,Mostly Clear,2026-04-17T22:45:00+00:00,16093.44,230,22.212
noaa_phoenix_obs,101049.84,noaa_obs,-1,27.367237033883335,14.20354976884,KPHX,29,Mostly Clear,2026-04-17T22:40:00+00:00,16093.44,210,9.252
noaa_phoenix_obs,101049.84,noaa_obs,-1,27.367237033883335,14.20354976884,KPHX,29,Mostly Clear,2026-04-17T22:30:00+00:00,16093.44,250,11.124
noaa_phoenix_obs,101049.84,noaa_obs,-1,27.367237033883335,14.20354976884,KPHX,29,Mostly Clear,2026-04-17T22:25:00+00:00,16093.44,,
noaa_phoenix_obs,101049.84,noaa_obs,-1,27.367237033883335,14.20354976884,KPHX,29,Mostly Clear,2026-04-17T22:20:00+00:00,16093.44,260,11.124
noaa_phoenix_obs,101083.7,noaa_obs,2,27.409274137280555,17.639920153447,KPHX,29,Mostly Clear,2026-04-17T22:15:00+00:00,16093.44,,
noaa_phoenix_obs,101083.7,noaa_obs,2,27.409274137280555,17.639920153447,KPHX,29,Mostly Clear,2026-04-17T22:10:00+00:00,16093.44,,
noaa_phoenix_obs,101083.7,noaa_obs,2,27.409274137280555,17.639920153447,KPHX,29,Mostly Clear,2026-04-17T22:05:00+00:00,16093.44,260,9.252
noaa_phoenix_obs,101117.57,noaa_obs,2,27.409274137280555,17.639920153447,KPHX,29,Mostly Clear,2026-04-17T22:00:00+00:00,16093.44,,
noaa_phoenix_obs,101117.57,noaa_obs,2,27.409274137280555,17.639920153447,KPHX,29,Mostly Clear,2026-04-17T21:55:00+00:00,16093.44,,
noaa_phoenix_obs,101120,noaa_obs,2.2,27.708173173343333,17.484279993888,KPHX,29.4,Mostly Clear,2026-04-17T21:51:00+00:00,16090,280,22.32
noaa_phoenix_obs,101117.57,noaa_obs,2,27.409274137280555,17.639920153447,KPHX,29,Mostly Clear,2026-04-17T21:50:00+00:00,16093.44,280,22.212
noaa_phoenix_obs,101117.57,noaa_obs,2,27.409274137280555,17.639920153447,KPHX,29,Mostly Clear,2026-04-17T21:45:00+00:00,16093.44,260,14.832
noaa_phoenix_obs,101151.43,noaa_obs,2,27.409274137280555,17.639920153447,KPHX,29,Mostly Clear,2026-04-17T21:40:00+00:00,16093.44,260,14.832
noaa_phoenix_obs,101151.43,noaa_obs,1,26.23734826692722,18.451635754651,KPHX,27,Mostly Clear,2026-04-17T21:35:00+00:00,16093.44,260,14.832
noaa_phoenix_obs,101151.43,noaa_obs,1,26.23734826692722,18.451635754651,KPHX,27,Mostly Clear,2026-04-17T21:30:00+00:00,16093.44,260,14.832
noaa_phoenix_obs,101151.43,noaa_obs,1,26.23734826692722,18.451635754651,KPHX,27,Mostly Clear,2026-04-17T21:25:00+00:00,16093.44,260,14.832
noaa_phoenix_obs,101151.43,noaa_obs,1,26.23734826692722,18.451635754651,KPHX,27,Mostly Clear,2026-04-17T21:20:00+00:00,16093.44,260,14.832
noaa_phoenix_obs,101151.43,noaa_obs,1,26.23734826692722,18.451635754651,KPHX,27,Mostly Clear,2026-04-17T21:15:00+00:00,16093.44,260,14.832
noaa_phoenix_obs,101185.29,noaa_obs,1,26.23734826692722,18.451635754651,KPHX,27,Mostly Clear,2026-04-17T21:10:00+00:00,16093.44,260,14.832
noaa_phoenix_obs,101185.29,noaa_obs,1,26.23734826692722,18.451635754651,KPHX,27,Mostly Clear,2026-04-17T21:05:00+00:00,16093.44,260,14.832
noaa_phoenix_obs,101185.29,noaa_obs,1,26.23734826692722,18.451635754651,KPHX,27,Mostly Clear,2026-04-17T21:00:00+00:00,16093.44,260,14.832
noaa_phoenix_obs,101185.29,noaa_obs,1,26.23734826692722,18.451635754651,KPHX,27,Mostly Clear,2026-04-17T20:55:00+00:00,16093.44,260,14.832
noaa_phoenix_obs,101220,noaa_obs,1.7,26.571739525012223,18.513535175098,KPHX,27.8,Mostly Clear,2026-04-17T20:51:00+00:00,16090,260,14.76
noaa_phoenix_obs,101219.16,noaa_obs,1,26.23734826692722,18.451635754651,KPHX,27,Mostly Clear,2026-04-17T20:50:00+00:00,16093.44,260,14.832
noaa_phoenix_obs,101219.16,noaa_obs,1,26.23734826692722,18.451635754651,KPHX,27,Mostly Clear,2026-04-17T20:45:00+00:00,16093.44,300,7.416
noaa_phoenix_obs,101219.16,noaa_obs,1,26.23734826692722,18.451635754651,KPHX,27,Mostly Clear,2026-04-17T20:40:00+00:00,16093.44,300,7.416
noaa_phoenix_obs,101219.16,noaa_obs,1,25.16660920140889,19.572267287992,KPHX,26,Clear,2026-04-17T20:35:00+00:00,16093.44,300,7.416
noaa_phoenix_obs,101219.16,noaa_obs,1,25.16660920140889,19.572267287992,KPHX,26,Clear,2026-04-17T20:30:00+00:00,16093.44,300,7.416
noaa_phoenix_obs,101219.16,noaa_obs,1,25.16660920140889,19.572267287992,KPHX,26,Clear,2026-04-17T20:25:00+00:00,16093.44,300,7.416
noaa_phoenix_obs,101219.16,noaa_obs,1,25.16660920140889,19.572267287992,KPHX,26,Clear,2026-04-17T20:20:00+00:00,16093.44,300,7.416
noaa_phoenix_obs,101219.16,noaa_obs,1,25.16660920140889,19.572267287992,KPHX,26,Clear,2026-04-17T20:15:00+00:00,16093.44,300,7.416
noaa_phoenix_obs,101219.16,noaa_obs,1,25.16660920140889,19.572267287992,KPHX,26,Clear,2026-04-17T20:10:00+00:00,16093.44,300,7.416
noaa_phoenix_obs,101219.16,noaa_obs,1,25.16660920140889,19.572267287992,KPHX,26,Clear,2026-04-17T20:05:00+00:00,16093.44,300,7.416
noaa_phoenix_obs,101253.02,noaa_obs,1,25.16660920140889,19.572267287992,KPHX,26,Clear,2026-04-17T20:00:00+00:00,16093.44,300,7.416
noaa_phoenix_obs,101253.02,noaa_obs,1,25.16660920140889,19.572267287992,KPHX,26,Clear,2026-04-17T19:55:00+00:00,16093.44,300,7.416
noaa_phoenix_obs,101250,noaa_obs,1.7,25.941170530226668,19.746956476769,KPHX,26.7,Clear,2026-04-17T19:51:00+00:00,16090,300,7.56
noaa_phoenix_obs,101253.02,noaa_obs,1,25.16660920140889,19.572267287992,KPHX,26,Clear,2026-04-17T19:50:00+00:00,16093.44,300,7.416
noaa_phoenix_obs,101253.02,noaa_obs,1,25.16660920140889,19.572267287992,KPHX,26,Clear,2026-04-17T19:45:00+00:00,16093.44,190,5.544
noaa_phoenix_obs,101253.02,noaa_obs,1,25.16660920140889,19.572267287992,KPHX,26,Clear,2026-04-17T19:40:00+00:00,16093.44,190,5.544
noaa_phoenix_obs,101253.02,noaa_obs,1,25.16660920140889,19.572267287992,KPHX,26,Clear,2026-04-17T19:35:00+00:00,16093.44,190,5.544
noaa_phoenix_obs,101253.02,noaa_obs,1,25.16660920140889,19.572267287992,KPHX,26,Clear,2026-04-17T19:30:00+00:00,16093.44,190,5.544
noaa_phoenix_obs,101286.88,noaa_obs,1,25.16660920140889,19.572267287992,KPHX,26,Clear,2026-04-17T19:25:00+00:00,16093.44,190,5.544
noaa_phoenix_obs,101286.88,noaa_obs,1,25.16660920140889,19.572267287992,KPHX,26,Clear,2026-04-17T19:20:00+00:00,16093.44,190,5.544
noaa_phoenix_obs,101286.88,noaa_obs,1,25.16660920140889,19.572267287992,KPHX,26,Clear,2026-04-17T19:15:00+00:00,16093.44,190,5.544
noaa_phoenix_obs,101286.88,noaa_obs,1,25.16660920140889,19.572267287992,KPHX,26,Clear,2026-04-17T19:10:00+00:00,16093.44,190,5.544
noaa_phoenix_obs,101286.88,noaa_obs,1,25.16660920140889,19.572267287992,KPHX,26,Clear,2026-04-17T19:05:00+00:00,16093.44,190,5.544
noaa_phoenix_obs,101286.88,noaa_obs,1,25.16660920140889,19.572267287992,KPHX,26,Clear,2026-04-17T19:00:00+00:00,16093.44,190,5.544
noaa_phoenix_obs,101286.88,noaa_obs,1,25.16660920140889,19.572267287992,KPHX,26,Clear,2026-04-17T18:55:00+00:00,16093.44,190,5.544
noaa_phoenix_obs,101290,noaa_obs,1.1,25.919461882414446,18.915561454176,KPHX,26.7,Clear,2026-04-17T18:51:00+00:00,16090,190,5.4
noaa_phoenix_obs,101286.88,noaa_obs,0,25.13100131260389,18.208560908232,KPHX,26,Clear,2026-04-17T18:50:00+00:00,16093.44,190,5.544
noaa_phoenix_obs,101286.88,noaa_obs,0,25.13100131260389,18.208560908232,KPHX,26,Clear,2026-04-17T18:45:00+00:00,16093.44,240,7.416
noaa_phoenix_obs,101286.88,noaa_obs,0,25.13100131260389,18.208560908232,KPHX,26,Clear,2026-04-17T18:40:00+00:00,16093.44,240,7.416
noaa_phoenix_obs,101320.75,noaa_obs,0,24.060098693948888,19.322928704432,KPHX,25,Clear,2026-04-17T18:35:00+00:00,16093.44,240,7.416
noaa_phoenix_obs,101320.75,noaa_obs,0,24.060098693948888,19.322928704432,KPHX,25,Clear,2026-04-17T18:30:00+00:00,16093.44,240,7.416
noaa_phoenix_obs,101320.75,noaa_obs,0,24.060098693948888,19.322928704432,KPHX,25,Clear,2026-04-17T18:25:00+00:00,16093.44,240,7.416
noaa_phoenix_obs,101320.75,noaa_obs,0,24.060098693948888,19.322928704432,KPHX,25,Clear,2026-04-17T18:20:00+00:00,16093.44,240,7.416
noaa_phoenix_obs,101320.75,noaa_obs,0,24.060098693948888,19.322928704432,KPHX,25,Clear,2026-04-17T18:15:00+00:00,16093.44,240,7.416
noaa_phoenix_obs,101320.75,noaa_obs,0,24.060098693948888,19.322928704432,KPHX,25,Clear,2026-04-17T18:10:00+00:00,16093.44,240,7.416
noaa_phoenix_obs,101320.75,noaa_obs,0,24.060098693948888,19.322928704432,KPHX,25,Clear,2026-04-17T18:05:00+00:00,16093.44,240,7.416
noaa_phoenix_obs,101320.75,noaa_obs,0,24.060098693948888,19.322928704432,KPHX,25,Clear,2026-04-17T18:00:00+00:00,16093.44,240,7.416
noaa_phoenix_obs,101320.75,noaa_obs,0,24.060098693948888,19.322928704432,KPHX,25,Clear,2026-04-17T17:55:00+00:00,16093.44,240,7.416
noaa_phoenix_obs,101320,noaa_obs,-1.1,24.664916497900556,17.209568004693,KPHX,25.6,,2026-04-17T17:51:00+00:00,16090,240,7.56
noaa_phoenix_obs,101320.75,noaa_obs,0,24.060098693948888,19.322928704432,KPHX,25,Clear,2026-04-17T17:50:00+00:00,16093.44,240,7.416
noaa_phoenix_obs,101320.75,noaa_obs,0,21.92450642830722,21.789607892615,KPHX,23,,2026-04-17T17:45:00+00:00,16093.44,100,9.252
noaa_phoenix_obs,101320.75,noaa_obs,0,21.92450642830722,21.789607892615,KPHX,23,,2026-04-17T17:40:00+00:00,16093.44,100,9.252
noaa_phoenix_obs,101320.75,noaa_obs,0,21.92450642830722,21.789607892615,KPHX,23,,2026-04-17T17:35:00+00:00,16093.44,100,9.252
noaa_phoenix_obs,101320.75,noaa_obs,0,21.92450642830722,21.789607892615,KPHX,23,,2026-04-17T17:30:00+00:00,16093.44,100,9.252
noaa_phoenix_obs,101320.75,noaa_obs,0,21.92450642830722,21.789607892615,KPHX,23,,2026-04-17T17:25:00+00:00,16093.44,100,9.252
noaa_phoenix_obs,101320.75,noaa_obs,0,21.92450642830722,21.789607892615,KPHX,23,,2026-04-17T17:20:00+00:00,16093.44,100,9.252
noaa_phoenix_obs,101320.75,noaa_obs,0,21.92450642830722,21.789607892615,KPHX,23,,2026-04-17T17:15:00+00:00,16093.44,100,9.252
noaa_phoenix_obs,101320.75,noaa_obs,0,21.92450642830722,21.789607892615,KPHX,23,,2026-04-17T17:10:00+00:00,16093.44,100,9.252
noaa_phoenix_obs,101320.75,noaa_obs,0,21.92450642830722,21.789607892615,KPHX,23,,2026-04-17T17:05:00+00:00,16093.44,100,9.252
noaa_phoenix_obs,101320.75,noaa_obs,0,21.92450642830722,21.789607892615,KPHX,23,,2026-04-17T17:00:00+00:00,16093.44,100,9.252
noaa_phoenix_obs,101320.75,noaa_obs,0,21.92450642830722,21.789607892615,KPHX,23,,2026-04-17T16:55:00+00:00,16093.44,100,9.252
noaa_phoenix_obs,101320,noaa_obs,-0.6,22.22043367852,20.484694070978,KPHX,23.3,Mostly Clear,2026-04-17T16:51:00+00:00,16090,100,9.36
noaa_phoenix_obs,101320.75,noaa_obs,0,21.92450642830722,21.789607892615,KPHX,23,,2026-04-17T16:50:00+00:00,16093.44,100,9.252
noaa_phoenix_obs,101320.75,noaa_obs,0,21.92450642830722,21.789607892615,KPHX,23,,2026-04-17T16:45:00+00:00,16093.44,100,9.252
noaa_phoenix_obs,101320.75,noaa_obs,0,21.92450642830722,21.789607892615,KPHX,23,,2026-04-17T16:40:00+00:00,16093.44,100,9.252
noaa_phoenix_obs,101286.88,noaa_obs,0,21.92450642830722,21.789607892615,KPHX,23,,2026-04-17T16:35:00+00:00,16093.44,100,9.252
